[
    {
        "nom": "Nom1",
        "prenom": "Prenom1",
        "datenaissance": "1990-01-10",
        "ine": "AB10000"
    },
    {
        "nom": "Nom2",
        "prenom": "Prenom2",
        "datenaissance": "1991-02-11",
        "ine": "AC10001"
    },
    {
        "nom": "Nom3",
        "prenom": "Prenom3",
        "datenaissance": "1992-03-12",
        "ine": "AD10002"
    },
    {
        "nom": "Nom4",
        "prenom": "Prenom4",
        "datenaissance": "1993-04-13",
        "ine": "AE10003"
    },
    {
        "nom": "Nom5",
        "prenom": "Prenom5",
        "datenaissance": "1994-05-14",
        "ine": "AF10004"
    },
    {
        "nom": "Nom6",
        "prenom": "Prenom6",
        "datenaissance": "1995-06-15",
        "ine": "AG10005"
    },
    {
        "nom": "Nom7",
        "prenom": "Prenom7",
        "datenaissance": "1996-07-16",
        "ine": "AH10006"
    },
    {
        "nom": "Nom8",
        "prenom": "Prenom8",
        "datenaissance": "1997-08-17",
        "ine": "AI10007"
    },
    {
        "nom": "Nom9",
        "prenom": "Prenom9",
        "datenaissance": "1998-09-18",
        "ine": "AJ10008"
    },
    {
        "nom": "Nom10",
        "prenom": "Prenom10",
        "datenaissance": "1999-01-10",
        "ine": "AK10009"
    },
    {
        "nom": "Nom11",
        "prenom": "Prenom11",
        "datenaissance": "1990-02-11",
        "ine": "BB10010"
    },
    {
        "nom": "Nom12",
        "prenom": "Prenom12",
        "datenaissance": "1991-03-12",
        "ine": "BC10011"
    },
    {
        "nom": "Nom13",
        "prenom": "Prenom13",
        "datenaissance": "1992-04-13",
        "ine": "BD10012"
    },
    {
        "nom": "Nom14",
        "prenom": "Prenom14",
        "datenaissance": "1993-05-14",
        "ine": "BE10013"
    },
    {
        "nom": "Nom15",
        "prenom": "Prenom15",
        "datenaissance": "1994-06-15",
        "ine": "BF10014"
    },
    {
        "nom": "Nom16",
        "prenom": "Prenom16",
        "datenaissance": "1995-07-16",
        "ine": "BG10015"
    },
    {
        "nom": "Nom17",
        "prenom": "Prenom17",
        "datenaissance": "1996-08-17",
        "ine": "BH10016"
    },
    {
        "nom": "Nom18",
        "prenom": "Prenom18",
        "datenaissance": "1997-09-18",
        "ine": "BI10017"
    },
    {
        "nom": "Nom19",
        "prenom": "Prenom19",
        "datenaissance": "1998-01-10",
        "ine": "BJ10018"
    },
    {
        "nom": "Nom20",
        "prenom": "Prenom20",
        "datenaissance": "1999-02-11",
        "ine": "BK10019"
    },
    {
        "nom": "Carlsen",
        "prenom": "Magnus",
        "datenaissance": "1990-11-30",
        "ine": "MC66666"
    },
    {
        "nom": "RRO",
        "prenom": "Romain",
        "datenaissance": "1999-05-05",
        "ine": "AA12389"
    }
]